{
	"replace": true,
	"slots": [
		"double/head_left",
		"double/head_right"
	],
	"keySuffixes": [
		"_left",
		"_right"
	],
	"materialSlotCount": 1,
	"materialRevealSlot": 0,
	"rarity": "temporary",
	"displayType": "major",
	"glyph": {
		"textureLocation": "tetra:textures/gui/aof_glyph.png",
		"textureX": 128
	},
	"outcomes": [
		{
			"material": {
				"item": "alexsmobs:void_worm_mandible"
			},
			"requiredTools": {
				"hammer": 4
			},
			"moduleKey": "double/void_worm_pickaxe",
			"moduleVariant": "void_worm_pickaxe/void_worm_pickaxe"
		}
	]
}