[
    {
        "key": "stave_hone/speed",
        "level": 1,
        "attributes": {
            "**tetra:draw_speed": -0.05
        }
    },
    {
        "key": "stave_hone/speed",
        "level": 2,
        "integrity": -1,
        "attributes": {
            "**tetra:draw_speed": -0.1
        }
    },
    {
        "key": "stave_hone/speed",
        "level": 3,
        "integrity": -1,
        "attributes": {
            "**tetra:draw_speed": -0.15
        }
    },
    {
        "key": "stave_hone/speed",
        "level": 4,
        "integrity": -2,
        "attributes": {
            "**tetra:draw_speed": -0.2
        }
    },
    {
        "key": "stave_hone/speed",
        "level": 5,
        "integrity": -2,
        "attributes": {
            "**tetra:draw_speed": -0.25
        }
    }
]