{
	"replace": true,
	"locked": false,
	"slots": ["double/head_left"],
	"keySuffixes": ["_left"],
	"materialSlotCount": 1,
	"materialRevealSlot": 0,
	"glyph": {
		"textureLocation": "tetra:textures/gui/aof_glyph.png",
		"textureX": 64
	},
	"displayType": "major",
	"outcomes": [
		{
			"materials": ["tetra:wood/", "tetra:stone/", "tetra:metal/", "tetra:gem/"],
            "countFactor": 1,
            "moduleKey": "double/tomahawk",
            "moduleVariant": "tomahawk/"
		}
	]
}