{
	"replace": true,
	"locked": true,
	"slots": ["sword/blade"],
	"materialSlotCount": 1,
	"materialRevealSlot": 0,
	"rarity": "temporary",
	"displayType": "major",
	"glyph": {
		"textureLocation": "tetra:textures/gui/aof_glyph.png",
		"textureX": 16
	},
	"outcomes": [
		{
			"materials": ["tetra:wood/", "tetra:stone/", "tetra:metal/", "tetra:gem/", "tetra:bone/"],
			"countFactor": 2,
			"moduleKey": "sword/flamberge_blade",
			"moduleVariant": "flamberge_blade/",
			"requiredTools": {
				"hammer": 1
			}
		}
	]
}