{
	"replace": false,
	"slots": ["sword/guard"],
	"materialSlotCount": 1,
	"displayType": "minor",
	"glyph": {
		"textureX": 80,
		"textureY": 16
	},
	"outcomes": [
		{
			"material": {
				"item": "minecraft:nether_star"
			},
			"experienceCost": 3,
			"moduleKey": "sword/socket",
			"moduleVariant": "sword_socket/nether_star"
		},
		{
			"material": {
				"item": "alexsmobs:void_worm_eye"
			},
			"experienceCost": 15,
			"moduleKey": "sword/socket",
			"moduleVariant": "sword_socket/void_worm_eye"
		}
	]
}