{
	"replace": true,
	"locked": false,
	"slots": ["bow/stave"],
	"materialSlotCount": 1,
	"materialRevealSlot": 0,
	"rarity": "temporary",
	"displayType": "major",
	"glyph": {
		"textureLocation": "tetra:textures/gui/aof_glyph.png",
		"textureX": 112
	},
	"outcomes": [
		{
			"material": {
				"item": "minecraft:stick",
				"count": 3
			},
			"requiredTools": {
				"axe": 1
			},
			"moduleKey": "bow/dreadnought_stave",
			"moduleVariant": "dreadnought_stave/stick"
		},
		{
			"materials": ["tetra:wood/"],
			"countFactor": 2,
			"toolOffset": 1,
			"moduleKey": "bow/dreadnought_stave",
			"moduleVariant": "dreadnought_stave/"
		},
		{
			"materials": ["tetra:metal/"],
			"countFactor": 3,
			"toolOffset": 3,
			"moduleKey": "bow/dreadnought_stave",
			"moduleVariant": "dreadnought_stave/"
		}
	]
}