{
    "type": "minecraft:chest",
    "pools": [
        {
            "name": "tetra_simple_dungeon_extended",
            "rolls": 1,
            "entries": [
                {
                    "type": "group",
                    "conditions": [{
                        "condition": "minecraft:random_chance",
                        "chance": 0.8
                    }],
                    "children": [
                        {
                            "type": "minecraft:item",
                            "name": "tetra:scroll_rolled",
							"weight": 10,
                            "functions": [{
                                "function": "tetra:scroll",
                                "key": "sword/sturdy_guard",
                                "intricate": false,
                                "material": 1,
                                "ribbon": "bcb8b5",
                                "glyphs": [3, 2, 2, 1],
                                "schematics": ["sword/sturdy_guard"]
                            }]
                        },
                        {
                            "type": "minecraft:item",
                            "name": "tetra:scroll_rolled",
							"weight": 9,
                            "functions": [{
                                "function": "tetra:scroll",
                                "key": "sword/throwing_knife",
                                "intricate": false,
                                "material": 1,
                                "ribbon": "1affdb",
                                "glyphs": [8, 2, 1, 4],
                                "schematics": ["single/head/halberd_head/halberd_head"]
                            }]
                        },
                        {
                            "type": "minecraft:item",
                            "name": "tetra:scroll_rolled",
							"weight": 8,
                            "functions": [{
                                "function": "tetra:scroll",
                                "key": "sword/howling",
                                "intricate": false,
                                "material": 1,
                                "ribbon": "faf396",
                                "glyphs": [8, 9, 10, 5],
                                "schematics": ["sword/howling"]
                            }]
                        },
						{
							"type": "minecraft:item",
							"name": "tetra:scroll_rolled",
							"weight": 5,
							"functions": [{
								"function": "tetra:scroll",
								"key": "single/halberd_head",
								"intricate": false,
								"material": 1,
								"ribbon": "44edff",
								"glyphs": [8, 1, 4, 5],
								"schematics": ["single/head/halberd_head/halberd_head"]
							}]
						},
						{
							"type": "minecraft:item",
							"name": "tetra:scroll_rolled",
							"weight": 4,
							"functions": [{
								"function": "tetra:scroll",
								"key": "sword/key_guard",
								"intricate": false,
								"material": 1,
								"ribbon": "fae409",
								"glyphs": [0, 1, 9, 4],
								"schematics": ["sword/key_guard"]
							}]
						},
						{
							"type": "minecraft:item",
							"name": "tetra:scroll_rolled",
							"weight": 4,
							"functions": [{
								"function": "tetra:scroll",
								"key": "single/mace_head",
								"intricate": false,
								"material": 1,
								"ribbon": "560060",
								"glyphs": [9, 3, 6, 2],
								"schematics": ["single/head/mace_head/mace_head"]
							}]
						}
                    ]
                }
            ]
        }
    ]
}