{
	"replace": true,
	"type": "tetra:basic_major_module",
	"slots": [
		"single/head"
	],
	"improvements": [
		"tetra:enchantment/sharpness",
        "tetra:enchantment/smite",
		"tetra:enchantment/fire_aspect",
		"tetra:enchantment/looting",
		"tetra:enchantment/loyalty",
        "tetra:enchantment/bane_of_arthropods",
		"tetra:enchantment/apotheosis_hell_infusion",
        "tetra:enchantment/vanishing_curse",
        "tetra:enchantment/apotheosis_capturing",
        "tetra:enchantment/apotheosis_mounted_strike",
        "tetra:enchantment/apotheosis_scavenger",
        "tetra:enchantment/cyclic_life_leech",
        "tetra:enchantment/cyclic_venom",
		"tetra:enchantment/ensorcellation_damage_ender",
        "tetra:enchantment/ensorcellation_damage_illager",
        "tetra:enchantment/ensorcellation_damage_villager",
        "tetra:enchantment/ensorcellation_cavalier",
        "tetra:enchantment/ensorcellation_leech",
		"tetra:enchantment/ensorcellation_frost_aspect",
        "tetra:enchantment/ensorcellation_magic_edge",
		"tetra:enchantment/ensorcellation_vorpal",
		"tetra:enchantment/bluepower_vorpal",
        "tetra:enchantment/bluepower_disjunction",
        "tetra:enchantment/ma-enchants_ice_aspect",
        "tetra:enchantment/ensorcellation_soulbound",
        "tetra:enchantment/ma-enchants_lifesteal",
        "tetra:enchantment/ma-enchants_curse_death",
        "tetra:single/head/halberd/",
        "tetra:single/head/shared/",
        "tetra:shared/"
	],
	"variants": [
		{
			"materials": ["tetra:wood/", "tetra:stone/", "tetra:metal/", "tetra:gem/", "tetra:bone/"],
			"key": "halberd_head/",
			"attributes": {
				"generic.attack_speed": -0.8
			},
			"effects": {
				"armorPenetration": 2.5,
				"stun": [15, 2],
				"sweeping": 5
			},
			"durability": -20,
			"extract": {
				"primaryAttributes": {
					"generic.attack_damage": 1.4
				},
				"secondaryAttributes": {
					"generic.attack_speed": -0.15,
					"generic.attack_damage": 0.15
				},
				"tools": {
					"axe": [0.3, 1]
				},
				"primaryEffects": {
					"armorPenetration": 1
				},
				"secondaryEffects": {
					"armorPenetration": 0.5,
					"stun": [5, 1]
				},
				"tetriaryEffects": {
					"stun": -1,
					"armorPenetration": -0.5,
					"sweeping": 2
				},
				"durability": 0.9,
				"integrity": -1,
				"magicCapacity": 1,
				"glyph": {
					"textureLocation": "tetra:textures/gui/aof_glyph.png",
					"textureX": 32
				},
				"availableTextures": ["metal", "shiny", "crude"],
				"models": [{ "location": "tetra:items/module/single/head/halberd_head/" }]
			}
		}
	]
}