{
	"replace": true,
	"type": "tetra:basic_major_module",
	"slots": ["single/head"],
	"improvements": [
		"tetra:enchantment/sharpness",
        "tetra:enchantment/smite",
		"tetra:enchantment/fire_aspect",
		"tetra:enchantment/looting",
		"tetra:enchantment/loyalty",
        "tetra:enchantment/bane_of_arthropods",
		"tetra:enchantment/apotheosis_hell_infusion",
        "tetra:enchantment/vanishing_curse",
        "tetra:enchantment/apotheosis_capturing",
        "tetra:enchantment/apotheosis_mounted_strike",
        "tetra:enchantment/apotheosis_scavenger",
        "tetra:enchantment/cyclic_life_leech",
        "tetra:enchantment/cyclic_venom",
		"tetra:enchantment/ensorcellation_damage_ender",
        "tetra:enchantment/ensorcellation_damage_illager",
        "tetra:enchantment/ensorcellation_damage_villager",
        "tetra:enchantment/ensorcellation_cavalier",
        "tetra:enchantment/ensorcellation_leech",
		"tetra:enchantment/ensorcellation_frost_aspect",
        "tetra:enchantment/ensorcellation_magic_edge",
		"tetra:enchantment/ensorcellation_vorpal",
		"tetra:enchantment/bluepower_vorpal",
        "tetra:enchantment/bluepower_disjunction",
        "tetra:enchantment/ma-enchants_ice_aspect",
        "tetra:enchantment/ensorcellation_soulbound",
        "tetra:enchantment/ma-enchants_lifesteal",
        "tetra:enchantment/ma-enchants_curse_death",
        "tetra:single/head/mace/",
        "tetra:single/head/shared/",
        "tetra:shared/"
	],
	"variants": [
		{
			"materials": ["tetra:wood/", "tetra:stone/", "tetra:metal/", "tetra:gem/", "tetra:bone/"],
			"key": "mace_head/",
			"attributes": {
				"generic.attack_speed": -0.75,
				"forge:reach_distance": -1.5
			},
			"effects": {
				"stun": [20, 2],
				"hammer": 1,
				"crushing": 10
			},
			"extract": {
				"primaryAttributes": {
					"generic.attack_damage": 1.2
				},
				"secondaryAttributes": {
					"generic.attack_speed": -0.14,
					"generic.attack_damage": 0.15
				},
				"primaryEffects": {
					"crushing": 0.3
				},
				"secondaryEffects": {
					"crushing": 0.2,
					"stun": [5, 1]
				},
				"tetriaryEffects": {
					"crushing": -0.2,
					"stun": -0.5
				},
				"durability": 0.9,
				"integrity": -1,
				"magicCapacity": 1,
				"glyph": {
					"textureLocation": "tetra:textures/gui/aof_glyph.png",
					"textureX": 96
				},
				"availableTextures": ["metal", "shiny", "crude"],
				"models": [{ "location": "tetra:items/module/single/head/mace_head/"}]
			}
		}
	]
}