{
	"replace": false,
	"slots": ["single/binding"],
	"type": "tetra:basic_module",
	"renderLayer": "higher",
	"variants": [
		{
			"key": "single_socket/nether_star",
			"category": "misc",
			"durability": 650,
			"durabilityMultiplier": 0.5,
			"integrity": -1,
			"attributes": {
				"**generic.attack_damage": 0.15
			},
			"tools": {
				"axe": [0, 2],
				"shovel": [0, 2],
				"pickaxe": [0, 2],
				"hoe": [0, 2],
				"cut": [0, 2]
			},
			"glyph": {
				"tint": "fffed0",
				"textureX": 80,
				"textureY": 16
			},
			"models": [{
				"location": "tetra:items/module/single/binding/nether_star_socket/default",
				"tint": "fffed0"
			}],
			"effects": {
				"criticalStrike": [15, 2],
				"intuit": 1,
				"stabilizing": 15
			}
		},
		{
			"key": "single_socket/void_worm_eye",
			"category": "misc",
			"durability": 800,
			"durabilityMultiplier": 0.9,
			"integrity": -1,
			"attributes": {
				"**generic.attack_damage": 0.3
			},
			"tools": {
				"axe": [0, 5],
				"shovel": [0, 5],
				"pickaxe": [0, 5],
				"hoe": [0, 5],
				"cut": [0, 5]
			},
			"glyph": {
				"textureX": 80,
				"textureY": 16
			},
			"models": [{
				"location": "tetra:items/module/single/binding/void_worm_eye/default"
			}],
			"effects": {
				"criticalStrike": [35, 2],
				"intuit": 4,
				"stabilizing": 25
			}
		}
	]
}