{
	"replace": true,
	"slots": [
		"sword/blade"
	],
	"type": "tetra:basic_major_module",
	"improvements": [
		"tetra:enchantment/sharpness",
        "tetra:enchantment/smite",
        "tetra:enchantment/bane_of_arthropods",
        "tetra:enchantment/fire_aspect",
        "tetra:enchantment/looting",
        "tetra:enchantment/sweeping",
        "tetra:enchantment/apotheosis_capturing",
        "tetra:enchantment/apotheosis_hell_infusion",
        "tetra:enchantment/apotheosis_mounted_strike",
        "tetra:enchantment/apotheosis_scavenger",
        "tetra:enchantment/apotheosis_knowledge",
        "tetra:enchantment/cyclic_life_leech",
        "tetra:enchantment/cyclic_venom",
        "tetra:enchantment/cyclic_beheading",
        "tetra:enchantment/ensorcellation_damage_ender",
        "tetra:enchantment/ensorcellation_damage_illager",
        "tetra:enchantment/ensorcellation_damage_villager",
        "tetra:enchantment/ensorcellation_cavalier",
        "tetra:enchantment/ensorcellation_frost_aspect",
        "tetra:enchantment/ensorcellation_leech",
        "tetra:enchantment/ensorcellation_magic_edge",
        "tetra:enchantment/ensorcellation_vorpal",
        "tetra:enchantment/ensorcellation_curse_mercy",
        "tetra:enchantment/bluepower_vorpal",
        "tetra:enchantment/bluepower_disjunction",
        "tetra:enchantment/ma-enchants_lifesteal",
        "tetra:enchantment/ma-enchants_ice_aspect",
        "tetra:enchantment/vanishing_curse",
        "tetra:enchantment/ensorcellation_soulbound",
        "tetra:enchantment/ma-enchants_curse_death",
        "tetra:enchantment/cursed_misfortune",
        "tetra:enchantment/cursed_fragility",
        "tetra:enchantment/cursed_fading",
        "tetra:enchantment/cursed_obedience",
        "tetra:enchantment/cursed_encumbrance",
		"tetra:sword/crucible_blade/",
		"tetra:sword/shared_blade/",
        "tetra:sword/shared/",
        "tetra:shared/"
	],
	"variants": [{
		"materials": ["tetra:wood/", "tetra:stone/", "tetra:metal/", "tetra:gem/", "tetra:bone/"],
		"key": "crucible_blade/",
		"attributes": {
			"generic.attack_speed": -1.4,
			"generic.attack_damage": 0.99
		},
		"effects": {
			"armorPenetration": 12,
			"crushing": [1, 5],
			"truesweep": [5, 10],
			"severing": [30, 2],
			"sweeping": 1,
			"execute": [6, 9]
		},
		"tools": {
			"cut": [2, 3]
		},
		"durability": -20,
		"extract": {
			"primaryAttributes": {
				"generic.attack_damage": 1.9
			},
			"primaryEffects": {
				"armorPenetration": 8,
				"severing": [7, 2]
			},
			"secondaryEffects": {
				"crushing": 4,
				"execute": 5,
				"truesweep": -0.3,
				"sweeping": -0.3
			},
			"tertiaryEffects": {
				"truesweep": 3,
				"sweeping": 3,
				"crushing": -1,
				"armorPenetration": -0.5
			},
			"durability": 1,
			"integrity": -1,
			"magicCapacity": 2.5,
			"glyph": {
				"tint": "f71f02",
				"textureLocation": "tetra:textures/gui/aof_glyph.png",
				"textureX": 0
			},
			"availableTextures": ["metal", "shiny", "grainy", "crude"],
			"models": [{
				"location": "tetra:items/module/sword/blade/crucible_blade/"
			}]
		}
	}]
}