{
	"replace": true,
	"slots": [
		"sword/blade"
	],
	"type": "tetra:basic_major_module",
	"improvements": [
		"tetra:enchantment/sharpness",
        "tetra:enchantment/smite",
        "tetra:enchantment/bane_of_arthropods",
        "tetra:enchantment/fire_aspect",
        "tetra:enchantment/looting",
        "tetra:enchantment/sweeping",
        "tetra:enchantment/apotheosis_capturing",
        "tetra:enchantment/apotheosis_hell_infusion",
        "tetra:enchantment/apotheosis_mounted_strike",
        "tetra:enchantment/apotheosis_scavenger",
        "tetra:enchantment/apotheosis_knowledge",
        "tetra:enchantment/cyclic_life_leech",
        "tetra:enchantment/cyclic_venom",
        "tetra:enchantment/cyclic_beheading",
        "tetra:enchantment/ensorcellation_damage_ender",
        "tetra:enchantment/ensorcellation_damage_illager",
        "tetra:enchantment/ensorcellation_damage_villager",
        "tetra:enchantment/ensorcellation_cavalier",
        "tetra:enchantment/ensorcellation_frost_aspect",
        "tetra:enchantment/ensorcellation_leech",
        "tetra:enchantment/ensorcellation_magic_edge",
        "tetra:enchantment/ensorcellation_vorpal",
        "tetra:enchantment/ensorcellation_curse_mercy",
        "tetra:enchantment/bluepower_vorpal",
        "tetra:enchantment/bluepower_disjunction",
        "tetra:enchantment/ma-enchants_lifesteal",
        "tetra:enchantment/ma-enchants_ice_aspect",
        "tetra:enchantment/vanishing_curse",
        "tetra:enchantment/ensorcellation_soulbound",
        "tetra:enchantment/ma-enchants_curse_death",
        "tetra:enchantment/cursed_misfortune",
        "tetra:enchantment/cursed_fragility",
        "tetra:enchantment/cursed_fading",
        "tetra:enchantment/cursed_obedience",
        "tetra:enchantment/cursed_encumbrance",
		"tetra:sword/flamberge_blade/",
		"tetra:sword/shared_blade/",
        "tetra:sword/shared/",
        "tetra:shared/"
	],
	"variants": [{
		"materials": ["tetra:wood/", "tetra:stone/", "tetra:metal/", "tetra:gem/", "tetra:bone/"],
		"key": "flamberge_blade/",
		"attributes": {
			"generic.attack_speed": -1.7,
			"generic.attack_damage": 0.75,
			"forge:reach_distance": -1
		},
		"effects": {
			"armorPenetration": 6,
			"truesweep": [1, 5],
			"overpower": [3, 8]
		},
		"tools": {
			"cut": [1, 0.5]
		},
		"durability": -20,
		"extract": {
			"primaryAttributes": {
				"generic.attack_damage": 1
			},
			"primaryEffects": {
				"armorPenetration": 2
			},
			"secondaryEffects": {
				"overpower": 2
			},
			"tertiaryEffects": {
				"truesweep": 1,
				"armorPenetration": -1
			},
			"durability": 0.9,
			"integrity": -1,
			"magicCapacity": 1,
			"glyph": {
				"textureLocation": "tetra:textures/gui/aof_glyph.png",
				"textureX": 16
			},
			"availableTextures": ["metal", "shiny", "grainy", "crude"],
			"models": [{
				"location": "tetra:items/module/sword/blade/flamberge_blade/"
			}]
		}
	}]
}