{
	"replace": true,
	"type": "tetra:multi_major_module",
	"slots": ["double/head_left"],
	"slotSuffixes": ["_left"],
	"improvements": [
		"tetra:enchantment/sharpness",
        "tetra:enchantment/smite",
        "tetra:enchantment/bane_of_arthropods",
        "tetra:enchantment/fire_aspect",
        "tetra:enchantment/looting",
		"tetra:enchantment/loyalty",
        "tetra:enchantment/bluepower_vorpal",
        "tetra:enchantment/bluepower_disjunction",
        "tetra:enchantment/cyclic_life_leech",
        "tetra:enchantment/cyclic_venom",
        "tetra:enchantment/cyclic_beheading",
        "tetra:enchantment/cyclic_excavate",
        "tetra:enchantment/enchantable_excavator",
        "tetra:enchantment/ensorcellation_damage_ender",
        "tetra:enchantment/ensorcellation_damage_illager",
        "tetra:enchantment/ensorcellation_damage_villager",
        "tetra:enchantment/ensorcellation_cavalier",
        "tetra:enchantment/ensorcellation_frost_aspect",
        "tetra:enchantment/ensorcellation_leech",
        "tetra:enchantment/ensorcellation_magic_edge",
        "tetra:enchantment/ensorcellation_vorpal",
        "tetra:enchantment/ensorcellation_curse_mercy",
        "tetra:enchantment/ensorcellation_excavating",
        "tetra:enchantment/ensorcellation_soulbound",
        "tetra:enchantment/ma-enchants_lifesteal",
        "tetra:enchantment/ma-enchants_ice_aspect",
        "tetra:enchantment/ma-enchants_lumberjack",
        "tetra:enchantment/ma-enchants_butchering",
        "tetra:enchantment/ma-enchants_curse_death",
        "tetra:enchantment/ma-enchants_momentum",
        "tetra:enchantment/vanishing_curse",
        "tetra:enchantment/cursed_curtail",
        "tetra:enchantment/cursed_ignorance",
        "tetra:enchantment/cursed_misfortune",
        "tetra:enchantment/cursed_fragility",
        "tetra:enchantment/cursed_fading",
        "tetra:enchantment/cursed_obedience",
        "tetra:enchantment/cursed_encumbrance",
        "tetra:double/tomahawk/",
        "tetra:double/shared_head/",
        "tetra:double/shared/",
        "tetra:shared/"
	],
	"variants": [
		{
			"materials": ["tetra:wood/", "tetra:stone/", "tetra:metal/", "tetra:gem/"],
			"key": "tomahawk/",
			"attributes": {
				"generic.attack_speed": -1.45,
				"generic.attack_damage": 1
			},
			"tools": {
			"axe": [1, 1]
			},
			"effects": {
				"throwable": [1, 0.6],
				"stun": [10, 1.5]
			},
			"durability": -20,
			"extract": {
				"primaryAttributes": {
					"generic.attack_damage": 1
				},
				"tools": {
					"axe": [1, 1]
				},
				"primaryEffects": {
					"stun": [1, 0.5]
				},
				"secondaryEffects": {
					"throwable": [0, 0.2]
				},
				"tetriaryEffects": {
					"stun": -0.2
				},
				"durability": 0.7,
				"integrity": -1,
				"magicCapacity": 1,
				"glyph": {
					"textureLocation": "tetra:textures/gui/aof_glyph.png",
					"textureX": 64
				},
				"availableTextures": ["crude", "metal", "shiny"],
				"models": [{
					"location": "tetra:items/module/double/head/tomahawk/"
				}]
			}
		}]
}