{
	"type": "minecraft:crafting_shaped",
	"pattern": [
	    "   ",
        "  a",
        " bc"
	],
	"key": {
		"a": {
			"item": "minecraft:blaze_powder"
		},
		"b": {
			"item": "minecraft:anvil"
		},
		"c": {
			"item": "minecraft:paper"
		}
	},
	"result": {
		"item": "tetra:scroll_rolled",
		"count": 1,
		"nbt": {
			"BlockEntityTag": {
				"data": [{
					"key": "flamberge_blade",
					"schematics": ["tetra:sword/flamberge_blade"],
					"intricate": false,
					"material": 2,
					"ribbon": "ff9612",
					"glyphs": [6, 15, 4, 7]
				}]
			}
		}
	}
}