{
	"key": "shadowsteel",
	"category": "metal",
	"primary": "8.18",
	"secondary": "2",
	"tertiary": "3.5",
	"durability": "2137",
	"integrityCost": "2",
	"integrityGain": "8",
	"magicCapacity": "95",
	"toolLevel": "6",
	"toolEfficiency": "9",
	"tints": {
		"glyph": "6b2b91",
		"texture": "513b5e"
	},
	"textures": [
		"metal",
		"default"
	],
	"material": {
		"item": "undead_expansion:shadowsteel_ingot"
	},
	"improvements": {
		"stabilizing": 18
	},
	"requiredTools": {
		"hammer": 5
	}
}