{
	"key": "star_infused_netherite",
	"category": "metal",
	"primary": "8.34",
	"secondary": "3",
	"tertiary": "3.3",
	"durability": "3046",
	"integrityCost": "2",
	"integrityGain": "9",
	"magicCapacity": "97",
	"toolLevel": "6",
	"toolEfficiency": "10",
	"tints": {
		"glyph": "9d9064",
		"texture": "47423e"
	},
	"textures": [
		"metal",
		"default"
	],
	"material": {
		"item": "cagedmobs:star_infused_netherite_ingot"
	},
	"improvements": {
		"workable": 1
	},
	"effects": {
		"stabilizing": 20
	},
	"requiredTools": {
		"hammer": 6
	}
}